{"actions":[],"apps":[{"acl":{"app":[],"field":[],"record":[]},"app":null,"category":{"categories":[],"useCategory":"false"},"form":{"layout":"[{\"id\":null,\"type\":\"ROW\",\"isSubTable\":false,\"var\":null,\"label\":null,\"controlList\":[{\"styleMap\":{\"width\":117,\"height\":66},\"elementId\":\"report\",\"type\":\"SPACER\"}]},{\"id\":null,\"type\":\"ROW\",\"isSubTable\":false,\"var\":null,\"label\":null,\"controlList\":[{\"isVirtical\":true,\"styleMap\":{\"width\":193},\"type\":\"SINGLE_LINE_TEXT\",\"var\":\"year\",\"label\":\"年度\"},{\"isVirtical\":true,\"styleMap\":{\"width\":117},\"type\":\"DATE\",\"var\":\"date\",\"label\":\"日期\"},{\"isVirtical\":true,\"styleMap\":{\"width\":193},\"type\":\"SINGLE_LINE_TEXT\",\"var\":\"department\",\"label\":\"产品\"}]},{\"id\":null,\"type\":\"ROW\",\"isSubTable\":false,\"var\":null,\"label\":null,\"controlList\":[{\"styleMap\":{\"width\":135},\"type\":\"HR\"},{\"styleMap\":{\"width\":135},\"type\":\"HR\"}]},{\"id\":null,\"type\":\"ROW\",\"isSubTable\":false,\"var\":null,\"label\":null,\"controlList\":[{\"isVirtical\":true,\"styleMap\":{\"width\":193},\"type\":\"CALC\",\"var\":\"total\",\"label\":\"总销量\"}]},{\"id\":null,\"type\":\"ROW\",\"isSubTable\":false,\"var\":null,\"label\":null,\"controlList\":[{\"isVirtical\":true,\"styleMap\":{\"width\":193},\"type\":\"DECIMAL\",\"var\":\"channel1\",\"label\":\"京东\"},{\"isVirtical\":true,\"styleMap\":{\"width\":193},\"type\":\"DECIMAL\",\"var\":\"channel2\",\"label\":\"淘宝\"},{\"isVirtical\":true,\"styleMap\":{\"width\":193},\"type\":\"DECIMAL\",\"var\":\"channel3\",\"label\":\"拼多多\"},{\"isVirtical\":true,\"styleMap\":{\"width\":193},\"type\":\"DECIMAL\",\"var\":\"channel4\",\"label\":\"天猫\"},{\"isVirtical\":true,\"styleMap\":{\"width\":193},\"type\":\"DECIMAL\",\"var\":\"channel5\",\"label\":\"考拉\"}]}]","revision":null},"iconMeta":null,"info":{"automaticallyChooseTitleComponent":"true","code":null,"decimalPrecision":"16","decimalScale":"4","description":"\u003Cdiv\u003E\u003Cbr /\u003E\u003C/div\u003E","enableBulkDeletion":"true","enableRecordReuse":"true","fiscalYearStartMonth":"4","iconKey":"APP70","iconType":"PRESET","jsFiles":null,"jsScope":"ALL","name":"【演示应用】双十一销量统计","roundingMode":"HALF_EVEN","theme":"PLAIN","titleComponentLocalId":null,"useComment":"true","useHistory":"true","useThumbnail":"true"},"jsFiles":[{"jsFileMetas":[{"internalName":null,"locationType":"URL","mime":null,"name":null,"url":"https://js.cybozu.cn/jquery/3.4.1/jquery.min.js"},{"internalName":null,"locationType":"BLOB","mime":"text/javascript","name":"echarts.common.js","url":null},{"internalName":null,"locationType":"BLOB","mime":"text/javascript","name":"kintone-js-sdk.min (1).js","url":null},{"internalName":null,"locationType":"BLOB","mime":"text/javascript","name":"graph.js","url":null}],"jsType":"DESKTOP"}],"notification":{"appNotifications":[{"events":["RECORD_COMMENT_ADDED"],"target":{"entityId":"5527041","entityType":"FIELD_ENTITY","includeSubs":"false"}},{"events":["RECORD_COMMENT_ADDED"],"target":{"entityId":"5527042","entityType":"FIELD_ENTITY","includeSubs":"false"}}],"recordNotifications":[],"reminderTimezone":null,"reminders":[],"useComment":"true","useReminder":"false"},"plugins":[],"reports":[],"resource":{"tables":[{"rows":[{"fields":[],"objectId":"0","subObjectId":"-1"}],"type":"AppName"},{"rows":[{"fields":[],"objectId":"0","subObjectId":"-1"}],"type":"AppDescription"},{"rows":[{"fields":[],"objectId":"5527040","subObjectId":"-1"},{"fields":[],"objectId":"5527041","subObjectId":"-1"},{"fields":[],"objectId":"5527042","subObjectId":"-1"},{"fields":[],"objectId":"5527043","subObjectId":"-1"},{"fields":[],"objectId":"5527044","subObjectId":"-1"},{"fields":[],"objectId":"5527045","subObjectId":"-1"},{"fields":[],"objectId":"5527046","subObjectId":"-1"},{"fields":[],"objectId":"5527047","subObjectId":"-1"},{"fields":[],"objectId":"5527058","subObjectId":"-1"},{"fields":[],"objectId":"5527071","subObjectId":"-1"},{"fields":[],"objectId":"5527074","subObjectId":"-1"},{"fields":[],"objectId":"5527075","subObjectId":"-1"},{"fields":[],"objectId":"5527076","subObjectId":"-1"},{"fields":[],"objectId":"5527077","subObjectId":"-1"},{"fields":[],"objectId":"5527078","subObjectId":"-1"},{"fields":[],"objectId":"5527079","subObjectId":"-1"},{"fields":[],"objectId":"5527099","subObjectId":"-1"}],"type":"FieldLabel"},{"rows":[{"fields":[],"objectId":"5527122","subObjectId":"-1"},{"fields":[],"objectId":"20","subObjectId":"-1"}],"type":"ViewName"}]},"schema":{"groups":[],"revision":null,"subTable":{},"table":{"fieldList":{"5527040":{"id":"5527040","label":"记录编号","properties":{"noLabel":"false","required":"true"},"type":"RECORD_ID","var":"记录编号"},"5527041":{"id":"5527041","label":"更新人","properties":{"noLabel":"false","required":"true"},"type":"MODIFIER","var":"更新人"},"5527042":{"id":"5527042","label":"创建人","properties":{"noLabel":"false","required":"true"},"type":"CREATOR","var":"创建人"},"5527043":{"id":"5527043","label":"更新时间","properties":{"noLabel":"false","required":"true"},"type":"MODIFIED_AT","var":"更新时间"},"5527044":{"id":"5527044","label":"创建时间","properties":{"noLabel":"false","required":"true"},"type":"CREATED_AT","var":"创建时间"},"5527045":{"id":"5527045","label":"状态","properties":{"noLabel":"false","required":"false"},"type":"STATUS","var":"状态"},"5527046":{"id":"5527046","label":"执行者","properties":{"noLabel":"false","required":"false"},"type":"STATUS_ASSIGNEE","var":"执行者"},"5527047":{"id":"5527047","label":"类别","properties":{"noLabel":"false","required":"false"},"type":"CATEGORY","var":"类别"},"5527058":{"id":"5527058","label":"产品","properties":{"defaultValue":"","expression":"","hideExpression":"false","max":null,"min":null,"noLabel":"false","required":"false","unique":"false"},"type":"SINGLE_LINE_TEXT","var":"department"},"5527071":{"id":"5527071","label":"总销量","properties":{"displayScale":"2","expression":"channel1\u002Bchannel2\u002Bchannel3\u002Bchannel4\u002Bchannel5","format":"NUMBER","hideExpression":"false","noLabel":"false","required":"false","roundingMode":null,"scale":null,"unit":"万元","unitPosition":"AFTER"},"type":"CALC","var":"total"},"5527074":{"id":"5527074","label":"京东","properties":{"defaultValue":null,"digit":"false","displayScale":null,"max":null,"min":null,"noLabel":"false","required":"false","roundingMode":null,"scale":null,"unique":"false","unit":"万元","unitPosition":"AFTER"},"type":"DECIMAL","var":"channel1"},"5527075":{"id":"5527075","label":"淘宝","properties":{"defaultValue":null,"digit":"false","displayScale":null,"max":null,"min":null,"noLabel":"false","required":"false","roundingMode":null,"scale":null,"unique":"false","unit":"万元","unitPosition":"AFTER"},"type":"DECIMAL","var":"channel2"},"5527076":{"id":"5527076","label":"拼多多","properties":{"defaultValue":null,"digit":"false","displayScale":null,"max":null,"min":null,"noLabel":"false","required":"false","roundingMode":null,"scale":null,"unique":"false","unit":"万元","unitPosition":"AFTER"},"type":"DECIMAL","var":"channel3"},"5527077":{"id":"5527077","label":"天猫","properties":{"defaultValue":null,"digit":"false","displayScale":null,"max":null,"min":null,"noLabel":"false","required":"false","roundingMode":null,"scale":null,"unique":"false","unit":"万元","unitPosition":"AFTER"},"type":"DECIMAL","var":"channel4"},"5527078":{"id":"5527078","label":"考拉","properties":{"defaultValue":null,"digit":"false","displayScale":null,"max":null,"min":null,"noLabel":"false","required":"false","roundingMode":null,"scale":null,"unique":"false","unit":"万元","unitPosition":"AFTER"},"type":"DECIMAL","var":"channel5"},"5527079":{"id":"5527079","label":"年度","properties":{"defaultValue":"","expression":"","hideExpression":"false","max":null,"min":null,"noLabel":"false","required":"false","unique":"false"},"type":"SINGLE_LINE_TEXT","var":"year"},"5527099":{"id":"5527099","label":"日期","properties":{"defaultExpression":"NOW","defaultValue":null,"noLabel":"false","required":"false","unique":"false"},"type":"DATE","var":"date"}},"id":"1","label":"__ROOT__","properties":{"noLabel":"true"},"type":"TABLE","var":"__ROOT__"}},"settingsNotesForm":{"content":null,"willBeInherited":null},"status":{"actions":[],"filters":[],"initialStateId":null,"states":[],"useStatus":"false"},"uuid":"e1d338ea-d7b3-40f9-9ee6-f5b1bef38226","views":[{"advancedMode":"false","builtinType":null,"device":null,"fields":[{"row":[{"columnWidth":null,"id":"5527040"},{"columnWidth":null,"id":"5527058"},{"columnWidth":null,"id":"5527075"},{"columnWidth":null,"id":"5527077"},{"columnWidth":null,"id":"5527074"},{"columnWidth":null,"id":"5527076"},{"columnWidth":null,"id":"5527078"},{"columnWidth":null,"id":"5527099"}]}],"filter":{"category":null,"offset":null,"order":["DESC"],"q":null,"size":null,"sort":["f5527040"]},"html":null,"keyFieldId":null,"name":"列表1","pager":null,"revision":null,"titleFieldId":null,"view":"5527122","viewType":"LIST"},{"advancedMode":null,"builtinType":"ALL","device":null,"fields":[{"row":[{"columnWidth":null,"id":"5527040"},{"columnWidth":null,"id":"5527058"},{"columnWidth":null,"id":"5527071"},{"columnWidth":null,"id":"5527074"},{"columnWidth":null,"id":"5527075"},{"columnWidth":null,"id":"5527076"},{"columnWidth":null,"id":"5527077"},{"columnWidth":null,"id":"5527078"},{"columnWidth":null,"id":"5527079"},{"columnWidth":null,"id":"5527099"}]}],"filter":{"category":null,"offset":null,"order":[],"q":null,"size":null,"sort":[]},"html":null,"keyFieldId":null,"name":"（全部）","pager":null,"revision":null,"titleFieldId":null,"view":"20","viewType":"LIST"}]}],"description":"","iconKey":"APP70","iconMeta":null,"iconSrcAppId":"e1d338ea-d7b3-40f9-9ee6-f5b1bef38226","iconType":"PRESET","imagesMeta":[],"lookups":[],"name":"双十一销量统计","references":[],"version":"36"}