{"actions":[],"apps":[{"acl":{"app":[],"field":[],"record":[]},"app":null,"category":{"categories":[],"useCategory":"false"},"form":{"layout":"[{\"id\":null,\"type\":\"ROW\",\"isSubTable\":false,\"var\":null,\"label\":null,\"controlList\":[{\"isVirtical\":true,\"styleMap\":{\"width\":193},\"type\":\"SINGLE_LINE_TEXT\",\"var\":\"title\",\"label\":\"标题\"}]},{\"id\":null,\"type\":\"ROW\",\"isSubTable\":false,\"var\":null,\"label\":null,\"controlList\":[{\"isVirtical\":true,\"styleMap\":{\"width\":196},\"type\":\"DATETIME\",\"var\":\"datetime\",\"label\":\"日期与时间\"}]}]","revision":null},"iconMeta":null,"info":{"automaticallyChooseTitleComponent":"true","code":null,"decimalPrecision":"16","decimalScale":"4","description":"\u003Cdiv\u003E\u003Cbr /\u003E\u003C/div\u003E","enableBulkDeletion":"false","enableRecordReuse":"true","fiscalYearStartMonth":"4","iconKey":"APP39","iconType":"PRESET","jsFiles":null,"jsScope":"ALL","name":"todo Demo","roundingMode":"HALF_EVEN","theme":"PLAIN","titleComponentLocalId":null,"useComment":"true","useHistory":"true","useThumbnail":"true"},"jsFiles":[],"notification":{"appNotifications":[{"events":["RECORD_COMMENT_ADDED"],"target":{"entityId":"5680969","entityType":"FIELD_ENTITY","includeSubs":"false"}},{"events":["RECORD_COMMENT_ADDED"],"target":{"entityId":"5680970","entityType":"FIELD_ENTITY","includeSubs":"false"}}],"recordNotifications":[],"reminderTimezone":null,"reminders":[],"useComment":"true","useReminder":"false"},"plugins":[],"reports":[],"resource":{"tables":[{"rows":[{"fields":[],"objectId":"0","subObjectId":"-1"}],"type":"AppName"},{"rows":[{"fields":[],"objectId":"0","subObjectId":"-1"}],"type":"AppDescription"},{"rows":[{"fields":[],"objectId":"5680968","subObjectId":"-1"},{"fields":[],"objectId":"5680969","subObjectId":"-1"},{"fields":[],"objectId":"5680970","subObjectId":"-1"},{"fields":[],"objectId":"5680971","subObjectId":"-1"},{"fields":[],"objectId":"5680972","subObjectId":"-1"},{"fields":[],"objectId":"5680973","subObjectId":"-1"},{"fields":[],"objectId":"5680974","subObjectId":"-1"},{"fields":[],"objectId":"5680975","subObjectId":"-1"},{"fields":[],"objectId":"5680976","subObjectId":"-1"},{"fields":[],"objectId":"5680981","subObjectId":"-1"}],"type":"FieldLabel"},{"rows":[{"fields":[],"objectId":"5680979","subObjectId":"-1"},{"fields":[],"objectId":"20","subObjectId":"-1"}],"type":"ViewName"}]},"schema":{"groups":[],"revision":null,"subTable":{},"table":{"fieldList":{"5680968":{"id":"5680968","label":"记录编号","properties":{"noLabel":"false","required":"true"},"type":"RECORD_ID","var":"记录编号"},"5680969":{"id":"5680969","label":"更新人","properties":{"noLabel":"false","required":"true"},"type":"MODIFIER","var":"更新人"},"5680970":{"id":"5680970","label":"创建人","properties":{"noLabel":"false","required":"true"},"type":"CREATOR","var":"创建人"},"5680971":{"id":"5680971","label":"更新时间","properties":{"noLabel":"false","required":"true"},"type":"MODIFIED_AT","var":"更新时间"},"5680972":{"id":"5680972","label":"创建时间","properties":{"noLabel":"false","required":"true"},"type":"CREATED_AT","var":"创建时间"},"5680973":{"id":"5680973","label":"状态","properties":{"noLabel":"false","required":"false"},"type":"STATUS","var":"状态"},"5680974":{"id":"5680974","label":"执行者","properties":{"noLabel":"false","required":"false"},"type":"STATUS_ASSIGNEE","var":"执行者"},"5680975":{"id":"5680975","label":"类别","properties":{"noLabel":"false","required":"false"},"type":"CATEGORY","var":"类别"},"5680976":{"id":"5680976","label":"标题","properties":{"defaultValue":"","expression":"","hideExpression":"false","max":null,"min":null,"noLabel":"false","required":"false","unique":"false"},"type":"SINGLE_LINE_TEXT","var":"title"},"5680981":{"id":"5680981","label":"日期与时间","properties":{"defaultExpression":"NOW","defaultValue":null,"noLabel":"false","required":"false","unique":"false"},"type":"DATETIME","var":"datetime"}},"id":"1","label":"__ROOT__","properties":{"noLabel":"true"},"type":"TABLE","var":"__ROOT__"}},"settingsNotesForm":{"content":null,"willBeInherited":null},"status":{"actions":[],"filters":[],"initialStateId":null,"states":[],"useStatus":"false"},"uuid":"395aed0b-1126-40c1-8967-be980c83edff","views":[{"advancedMode":"false","builtinType":null,"device":null,"fields":[{"row":[{"columnWidth":null,"id":"5680981"},{"columnWidth":null,"id":"5680976"}]}],"filter":{"category":null,"offset":null,"order":["DESC"],"q":null,"size":null,"sort":["f5680968"]},"html":null,"keyFieldId":"5680981","name":"calendar","pager":null,"revision":null,"titleFieldId":"5680976","view":"5680979","viewType":"CALENDAR"},{"advancedMode":null,"builtinType":"ALL","device":null,"fields":[{"row":[{"columnWidth":null,"id":"5680968"},{"columnWidth":null,"id":"5680976"},{"columnWidth":null,"id":"5680981"}]}],"filter":{"category":null,"offset":null,"order":[],"q":null,"size":null,"sort":[]},"html":null,"keyFieldId":null,"name":"（全部）","pager":null,"revision":null,"titleFieldId":null,"view":"20","viewType":"LIST"}]}],"description":"","iconKey":"APP39","iconMeta":null,"iconSrcAppId":"395aed0b-1126-40c1-8967-be980c83edff","iconType":"PRESET","imagesMeta":[],"lookups":[],"name":"todo Demo","references":[],"version":"36"}